{
  "name": "ng-pi-admin",
  "version": "0.0.0",
  "license": "MIT",
  "scripts": {
    "ng": "ng",
    "start": "ng serve",
    "build": "ng build --base-href ./",
    "build:prod": "ng build --prod --base-href ./",
    "build:ci": "ng build --prod --base-href ./",
    "test": "ng test",
    "lint": "ng lint",
    "e2e": "ng e2e"
  },
  "private": true,
  "dependencies": {
    "@angular/animations": "^4.4.7",
    "@angular/cdk": "^7.1.0",
    "@angular/common": "^4.2.4",
    "@angular/compiler": "^4.2.4",
    "@angular/core": "^4.2.4",
    "@angular/forms": "^4.2.4",
    "@angular/http": "^4.2.4",
    "@angular/platform-browser": "^4.2.4",
    "@angular/platform-browser-dynamic": "^4.2.4",
    "@angular/router": "^4.2.4",
    "angular2-froala-wysiwyg": "^2.6.0",
    "angular4-datepicker": "^1.0.1",
    "animate.css": "^3.5.2",
    "bootstrap": "^3.3.7",
    "classlist.js": "^1.1.20150312",
    "core-js": "^2.4.1",
    "echarts": "^3.8.5",
    "font-awesome": "^4.7.0",
    "hammerjs": "^2.0.8",
    "intl": "^1.2.5",
    "jquery": "^3.2.1",
    "mydatepicker": "^2.6.6",
    "ng2-file-upload": "^1.3.0",
    "ng2-select": "^2.0.0",
    "ng4-datepicker": "^1.0.12",
    "ngx-echarts": "^2.0.0",
    "ngx-modal": "0.0.29",
    "ngx-pagination": "^3.0.3",
    "normalize.css": "^7.0.0",
    "pell": "^1.0.4",
    "roboto-fontface": "^0.8.0",
    "rxjs": "^5.4.2",
    "sweetalert2": "^7.6.3",
    "web-animations-js": "^2.3.1",
    "zone.js": "^0.8.14"
  },
  "devDependencies": {
    "@angular/cli": "1.3.1",
    "@angular/compiler-cli": "^4.2.4",
    "@angular/language-service": "^4.2.4",
    "@types/jasmine": "~2.5.53",
    "@types/jasminewd2": "~2.0.2",
    "@types/node": "~6.0.60",
    "codelyzer": "~3.1.1",
    "jasmine-core": "~2.6.2",
    "jasmine-spec-reporter": "~4.1.0",
    "karma": "~1.7.0",
    "karma-chrome-launcher": "~2.1.1",
    "karma-cli": "~1.0.1",
    "karma-coverage-istanbul-reporter": "^1.2.1",
    "karma-jasmine": "~1.1.0",
    "karma-jasmine-html-reporter": "^0.2.2",
    "protractor": "^5.4.1",
    "ts-node": "~3.2.0",
    "tslint": "~5.3.2",
    "typescript": "~2.3.3"
  }
}
